player1,linkchecklistp1,player2,linkchecklistp2,winner
Joseph Kaiser,/en/coverage/us-national-championship-2025/decklist/21389935,Lucas Oswald,/en/coverage/us-national-championship-2025/decklist/73894792,Lucas Oswald
Peyton Gage,/en/coverage/us-national-championship-2025/decklist/74897659,Fisher Johnson,/en/coverage/us-national-championship-2025/decklist/61954126,Peyton Gage
Anthony DT Zichella,/en/coverage/us-national-championship-2025/decklist/92893493,Caden Stabler,/en/coverage/us-national-championship-2025/decklist/54955969,Anthony DT Zichella
Justin Irby,/en/coverage/us-national-championship-2025/decklist/49914153,Todd Woodworth,/en/coverage/us-national-championship-2025/decklist/74452455,Justin Irby
Matt Garner,/en/coverage/us-national-championship-2025/decklist/86571957,Jonah Overholt,/en/coverage/us-national-championship-2025/decklist/53553898,Jonah Overholt
Jesse Hudak,/en/coverage/us-national-championship-2025/decklist/85293396,Chris Weidinger,/en/coverage/us-national-championship-2025/decklist/11759118,Jesse Hudak
Justin Kinison,/en/coverage/us-national-championship-2025/decklist/85412936,Kyle McKeough,/en/coverage/us-national-championship-2025/decklist/15638481,Justin Kinison
Adam Fischer,/en/coverage/us-national-championship-2025/decklist/12951683,Doug Frauman,/en/coverage/us-national-championship-2025/decklist/43316471,Adam Fischer
Zack Phillips,/en/coverage/us-national-championship-2025/decklist/75384753,Jamie Foster,/en/coverage/us-national-championship-2025/decklist/35278869,Jamie Foster
Bryce Henschel,/en/coverage/us-national-championship-2025/decklist/82884659,John Paul Kilcrease,/en/coverage/us-national-championship-2025/decklist/44767262,Bryce Henschel
Aurora Kynkor,/en/coverage/us-national-championship-2025/decklist/15789188,Travis McDaniel,/en/coverage/us-national-championship-2025/decklist/12467529,Aurora Kynkor
Damien Riggins,/en/coverage/us-national-championship-2025/decklist/29695835,TUCKER CAMPBELL,/en/coverage/us-national-championship-2025/decklist/96748883,Damien Riggins
Geoffrey Hunt,/en/coverage/us-national-championship-2025/decklist/68334358,Logan Petersen,/en/coverage/us-national-championship-2025/decklist/61371334,Logan Petersen
Matthew Boudreaux,/en/coverage/us-national-championship-2025/decklist/43589416,Daniel Chilgren,/en/coverage/us-national-championship-2025/decklist/66196756,Matthew Boudreaux
Grant Juaire,/en/coverage/us-national-championship-2025/decklist/37851396,Evan Dyck,/en/coverage/us-national-championship-2025/decklist/77244853,Evan Dyck
Taylor Nifong,/en/coverage/us-national-championship-2025/decklist/49751674,KC Glass,/en/coverage/us-national-championship-2025/decklist/64388881,Taylor Nifong
Levi Rauch,/en/coverage/us-national-championship-2025/decklist/38921628,Ben Odenheimer,/en/coverage/us-national-championship-2025/decklist/72693162,Ben Odenheimer
Tee Thebeau,/en/coverage/us-national-championship-2025/decklist/97894393,Ryan Rich,/en/coverage/us-national-championship-2025/decklist/61268882,Ryan Rich
Wyatt Schmitt,/en/coverage/us-national-championship-2025/decklist/13556917,Claire Stanfield,/en/coverage/us-national-championship-2025/decklist/99638227,Wyatt Schmitt
Mark Johnson,/en/coverage/us-national-championship-2025/decklist/23894321,Jeffrey Marmonti,/en/coverage/us-national-championship-2025/decklist/11692733,Jeffrey Marmonti
Austin Kim,/en/coverage/us-national-championship-2025/decklist/55858913,Danielle Williams,/en/coverage/us-national-championship-2025/decklist/77274149,Danielle Williams
Evan McGrew,/en/coverage/us-national-championship-2025/decklist/99534389,Ben Rojas,/en/coverage/us-national-championship-2025/decklist/58164588,Ben Rojas
Matt Jacobs,/en/coverage/us-national-championship-2025/decklist/96758531,Dexter Canright,/en/coverage/us-national-championship-2025/decklist/58543971,Matt Jacobs
Carter Barton,/en/coverage/us-national-championship-2025/decklist/59614336,Alex Rea,/en/coverage/us-national-championship-2025/decklist/39814483,Alex Rea
David Watson,/en/coverage/us-national-championship-2025/decklist/36424171,Jake Bowar,/en/coverage/us-national-championship-2025/decklist/32167477,David Watson
Sophia Claire,/en/coverage/us-national-championship-2025/decklist/92515135,Zachary Adams,/en/coverage/us-national-championship-2025/decklist/53995277,Zachary Adams
Nathan Burns,/en/coverage/us-national-championship-2025/decklist/13827359,Matthew Harris,/en/coverage/us-national-championship-2025/decklist/54954266,Matthew Harris
Austin Chinn,/en/coverage/us-national-championship-2025/decklist/53113763,Axel Sisbarro,/en/coverage/us-national-championship-2025/decklist/58311987,Austin Chinn
Alex Becker,/en/coverage/us-national-championship-2025/decklist/78552919,Steven Sweany,/en/coverage/us-national-championship-2025/decklist/76275628,Alex Becker
Sebastian Anaya,/en/coverage/us-national-championship-2025/decklist/13399565,Andrew Griesser,/en/coverage/us-national-championship-2025/decklist/61836131,Sebastian Anaya
Elias Brooks,/en/coverage/us-national-championship-2025/decklist/48743172,Christopher Yunck,/en/coverage/us-national-championship-2025/decklist/63151911,Christopher Yunck
Tristan Kilper,/en/coverage/us-national-championship-2025/decklist/58717946,Seren Roberson,/en/coverage/us-national-championship-2025/decklist/68636833,Seren Roberson
Thomas Huynh,/en/coverage/us-national-championship-2025/decklist/71388629,Jenna Schoettker,/en/coverage/us-national-championship-2025/decklist/53513616,Thomas Huynh
Troy Benton,/en/coverage/us-national-championship-2025/decklist/98689792,Nicholas Lineman,/en/coverage/us-national-championship-2025/decklist/19781396,Troy Benton
Jesse Kennon,/en/coverage/us-national-championship-2025/decklist/72852145,John Kim,/en/coverage/us-national-championship-2025/decklist/55581859,John Kim
Nicholas Tagg,/en/coverage/us-national-championship-2025/decklist/78798929,Tho Bui,/en/coverage/us-national-championship-2025/decklist/49292472,Tho Bui
Logan May,/en/coverage/us-national-championship-2025/decklist/96641146,Colin Turner,/en/coverage/us-national-championship-2025/decklist/36467921,Colin Turner
Tanner Lee,/en/coverage/us-national-championship-2025/decklist/14756481,Jose Garcia,/en/coverage/us-national-championship-2025/decklist/34492237,Tanner Lee
Nicholas Tran,/en/coverage/us-national-championship-2025/decklist/17713917,Matthew Feeney,/en/coverage/us-national-championship-2025/decklist/42319825,Matthew Feeney
Theodore Raitzer,/en/coverage/us-national-championship-2025/decklist/89896562,Kevin Canales,/en/coverage/us-national-championship-2025/decklist/77424125,Theodore Raitzer
Mike Cortes,/en/coverage/us-national-championship-2025/decklist/89957584,Alexis Schlagenhauf,/en/coverage/us-national-championship-2025/decklist/27519929,Alexis Schlagenhauf
Andrew Lorenz,/en/coverage/us-national-championship-2025/decklist/71357474,Joseph Elsey,/en/coverage/us-national-championship-2025/decklist/67191819,Andrew Lorenz
Omar Soubra,/en/coverage/us-national-championship-2025/decklist/56211353,Ian Daryl Bon,/en/coverage/us-national-championship-2025/decklist/48443627,Omar Soubra
Anthony Vero Cerenzio,/en/coverage/us-national-championship-2025/decklist/86116162,Wesley Cole,/en/coverage/us-national-championship-2025/decklist/83247774,Wesley Cole
Jeremiah Oldes,/en/coverage/us-national-championship-2025/decklist/95637916,joseph Ramirez,/en/coverage/us-national-championship-2025/decklist/36753396,Jeremiah Oldes
Evan Brook,/en/coverage/us-national-championship-2025/decklist/71897947,Arjun Garg,/en/coverage/us-national-championship-2025/decklist/78768912,Evan Brook
Tegan Smerdon,/en/coverage/us-national-championship-2025/decklist/43598214,Benjamin Hebert,/en/coverage/us-national-championship-2025/decklist/51319717,Benjamin Hebert
Gabriel Montes,/en/coverage/us-national-championship-2025/decklist/63227512,Craig Ketchum,/en/coverage/us-national-championship-2025/decklist/77787796,Gabriel Montes
Curtis Roth,/en/coverage/us-national-championship-2025/decklist/63562791,Jude Cornett,/en/coverage/us-national-championship-2025/decklist/37126739,Jude Cornett
DYLAN MANGINI,/en/coverage/us-national-championship-2025/decklist/13629363,Jacob Shaker,/en/coverage/us-national-championship-2025/decklist/34642783,DYLAN MANGINI
Dan Groseclose,/en/coverage/us-national-championship-2025/decklist/35875295,Eric Dauernnheim,/en/coverage/us-national-championship-2025/decklist/17291281,Eric Dauernnheim
Harrison Pruitt,/en/coverage/us-national-championship-2025/decklist/11183793,Brandon Green,/en/coverage/us-national-championship-2025/decklist/55214572,Brandon Green
Julian Helgeson,/en/coverage/us-national-championship-2025/decklist/66278441,Nick Deschamps,/en/coverage/us-national-championship-2025/decklist/87442381,Nick Deschamps
Maxwell Taylor,/en/coverage/us-national-championship-2025/decklist/45888189,Douglas Jones,/en/coverage/us-national-championship-2025/decklist/69329265,Maxwell Taylor
Melora Cayce,/en/coverage/us-national-championship-2025/decklist/82222893,Sherman Darrenkamp,/en/coverage/us-national-championship-2025/decklist/41135745,Sherman Darrenkamp
Ovas Siddiqui,/en/coverage/us-national-championship-2025/decklist/46517165,Karl Kraemer,/en/coverage/us-national-championship-2025/decklist/94175918,Ovas Siddiqui
Donovan Mitchell,/en/coverage/us-national-championship-2025/decklist/34554823,Michael Lau,/en/coverage/us-national-championship-2025/decklist/99168843,Michael Lau
Adam Hamilton-Sutherland,/en/coverage/us-national-championship-2025/decklist/15449635,Jonathan (chugs) Moore,/en/coverage/us-national-championship-2025/decklist/15267361,Adam Hamilton-Sutherland
Naib Mobassir,/en/coverage/us-national-championship-2025/decklist/25857792,William Bodo,/en/coverage/us-national-championship-2025/decklist/97674677,William Bodo
Joshua Conner,/en/coverage/us-national-championship-2025/decklist/56782458,george flete,/en/coverage/us-national-championship-2025/decklist/64438633,Joshua Conner
Noah Geiger,/en/coverage/us-national-championship-2025/decklist/82656446,Ethan Davison,/en/coverage/us-national-championship-2025/decklist/94534151,Noah Geiger
Simon Aguirre,/en/coverage/us-national-championship-2025/decklist/94634456,Nathanael Frautschy,/en/coverage/us-national-championship-2025/decklist/56933426,Nathanael Frautschy
Gui Cohen,/en/coverage/us-national-championship-2025/decklist/89547914,Phillip Spader,/en/coverage/us-national-championship-2025/decklist/21767843,Phillip Spader
Patrick Weiss,/en/coverage/us-national-championship-2025/decklist/12657916,Alexander McPherson,/en/coverage/us-national-championship-2025/decklist/48929312,Patrick Weiss
Austin Somers,/en/coverage/us-national-championship-2025/decklist/23824395,Myles Rightmire,/en/coverage/us-national-championship-2025/decklist/81592177,Austin Somers
Daniel Warner,/en/coverage/us-national-championship-2025/decklist/88794691,gabriel ebady,/en/coverage/us-national-championship-2025/decklist/43846455,gabriel ebady
Griffin Meyers,/en/coverage/us-national-championship-2025/decklist/28573466,Khoi Doan,/en/coverage/us-national-championship-2025/decklist/96664264,Griffin Meyers
William Pearlman,/en/coverage/us-national-championship-2025/decklist/16681151,Gary Gold,/en/coverage/us-national-championship-2025/decklist/43982357,Gary Gold
Jacob Bader,/en/coverage/us-national-championship-2025/decklist/17452355,Adam Fronsee,/en/coverage/us-national-championship-2025/decklist/18227376,Adam Fronsee
John Zapata,/en/coverage/us-national-championship-2025/decklist/73241415,Bird Cabrera,/en/coverage/us-national-championship-2025/decklist/53112152,Bird Cabrera
Daniel Winckler,/en/coverage/us-national-championship-2025/decklist/88739256,Amanda Sullender,/en/coverage/us-national-championship-2025/decklist/94556224,Amanda Sullender
Cody Williams,/en/coverage/us-national-championship-2025/decklist/28483625,Ryan Baker,/en/coverage/us-national-championship-2025/decklist/59467933,Cody Williams
Evan Bridges,/en/coverage/us-national-championship-2025/decklist/37453985,Emanuel Corps-Ortiz,/en/coverage/us-national-championship-2025/decklist/62961296,Emanuel Corps-Ortiz
Dayton Blair,/en/coverage/us-national-championship-2025/decklist/77181227,Jonathan Riddell,/en/coverage/us-national-championship-2025/decklist/45432412,Jonathan Riddell
Jon Gibson,/en/coverage/us-national-championship-2025/decklist/56159344,Robert Marsack,/en/coverage/us-national-championship-2025/decklist/84796687,Jon Gibson
Randy Davis,/en/coverage/us-national-championship-2025/decklist/28267219,Carlos Rosario,/en/coverage/us-national-championship-2025/decklist/18251759,Randy Davis
Edward Schoenberg,/en/coverage/us-national-championship-2025/decklist/99589223,Alexis Cotto,/en/coverage/us-national-championship-2025/decklist/51318415,Edward Schoenberg
Julian Sniffen,/en/coverage/us-national-championship-2025/decklist/72135433,Nitan Avivi-Stuhl,/en/coverage/us-national-championship-2025/decklist/63464116,Julian Sniffen
Edward Knight,/en/coverage/us-national-championship-2025/decklist/25132425,Bryan Knecht,/en/coverage/us-national-championship-2025/decklist/55254252,Edward Knight
Marcus Brown,/en/coverage/us-national-championship-2025/decklist/33631789,Logan King,/en/coverage/us-national-championship-2025/decklist/96663455,Logan King
Nathanael Hunt,/en/coverage/us-national-championship-2025/decklist/44963221,George Ferris,/en/coverage/us-national-championship-2025/decklist/91363332,Nathanael Hunt
Alice Abuhadba,/en/coverage/us-national-championship-2025/decklist/79585726,JP Coleman,/en/coverage/us-national-championship-2025/decklist/91272821,JP Coleman
Mason Taylor,/en/coverage/us-national-championship-2025/decklist/32344231,Cavin Saravanan,/en/coverage/us-national-championship-2025/decklist/61772242,Mason Taylor
Christopher Dietz,/en/coverage/us-national-championship-2025/decklist/61428539,Eric Pettinelli,/en/coverage/us-national-championship-2025/decklist/98975236,Christopher Dietz
Johny Nguyen,/en/coverage/us-national-championship-2025/decklist/93689638,Timothy Long,/en/coverage/us-national-championship-2025/decklist/19718495,Timothy Long
CODY READY,/en/coverage/us-national-championship-2025/decklist/75238825,Adam Cook,/en/coverage/us-national-championship-2025/decklist/99166753,CODY READY
Nathan Crawford,/en/coverage/us-national-championship-2025/decklist/95593898,Daniel Rutkowski,/en/coverage/us-national-championship-2025/decklist/42767595,Daniel Rutkowski
Charles Dunn,/en/coverage/us-national-championship-2025/decklist/96665649,Ynez Nevarez,/en/coverage/us-national-championship-2025/decklist/84989466,Charles Dunn
Joshua Tavares,/en/coverage/us-national-championship-2025/decklist/81514925,Cody Campbell,/en/coverage/us-national-championship-2025/decklist/25247421,Joshua Tavares
Franche Tan,/en/coverage/us-national-championship-2025/decklist/81834514,Jeffrey Mazar,/en/coverage/us-national-championship-2025/decklist/85149788,Jeffrey Mazar
Daniel Johnson,/en/coverage/us-national-championship-2025/decklist/92738678,Andrew Christ,/en/coverage/us-national-championship-2025/decklist/44172592,Daniel Johnson
Brandon Stolzer,/en/coverage/us-national-championship-2025/decklist/92819287,Jose Badillo,/en/coverage/us-national-championship-2025/decklist/58586266,Jose Badillo
Taylor Crawford,/en/coverage/us-national-championship-2025/decklist/21632979,Dennis Pham,/en/coverage/us-national-championship-2025/decklist/45882875,Dennis Pham
Aaron Grace,/en/coverage/us-national-championship-2025/decklist/12965718,Cullen Roth,/en/coverage/us-national-championship-2025/decklist/53775447,Aaron Grace
David Bruner,/en/coverage/us-national-championship-2025/decklist/81571573,Chester Stallings,/en/coverage/us-national-championship-2025/decklist/63893414,David Bruner
Jake Smith,/en/coverage/us-national-championship-2025/decklist/14133826,Zak Miller,/en/coverage/us-national-championship-2025/decklist/65778155,Zak Miller
Will Earnhardt,/en/coverage/us-national-championship-2025/decklist/71765319,Dyllon Dietz,/en/coverage/us-national-championship-2025/decklist/28412627,Will Earnhardt
Pierre-Nicolas Perrin,/en/coverage/us-national-championship-2025/decklist/54292276,Chris Martin,/en/coverage/us-national-championship-2025/decklist/53429127,Pierre-Nicolas Perrin
Zachary Knutson,/en/coverage/us-national-championship-2025/decklist/47146941,Andrew Watkins,/en/coverage/us-national-championship-2025/decklist/35958976,Zachary Knutson
Patrick Nelson,/en/coverage/us-national-championship-2025/decklist/74933547,Cole Pellatt,/en/coverage/us-national-championship-2025/decklist/84477657,Cole Pellatt
Tyler Luce,/en/coverage/us-national-championship-2025/decklist/97568185,Dakota Cook,/en/coverage/us-national-championship-2025/decklist/18281294,Dakota Cook
Carlos Cruz,/en/coverage/us-national-championship-2025/decklist/58343222,Brad Betschart,/en/coverage/us-national-championship-2025/decklist/79384551,Brad Betschart
Niels Kornerup,/en/coverage/us-national-championship-2025/decklist/28879694,Kyle Femmer,/en/coverage/us-national-championship-2025/decklist/28344984,Kyle Femmer
Ethan Phillips,/en/coverage/us-national-championship-2025/decklist/49432523,Jonathan Gracza,/en/coverage/us-national-championship-2025/decklist/86945799,Jonathan Gracza
None,N/A,Andrew Sones,/en/coverage/us-national-championship-2025/decklist/29364275,Andrew Sones
Patrick Fowley,/en/coverage/us-national-championship-2025/decklist/27924165,Harrison Timothy,/en/coverage/us-national-championship-2025/decklist/39789279,Patrick Fowley
Wesley Chandler,/en/coverage/us-national-championship-2025/decklist/75917894,Luke Magnuson,/en/coverage/us-national-championship-2025/decklist/45473733,Luke Magnuson
Ryan Mound,/en/coverage/us-national-championship-2025/decklist/97226338,Diego Constantakis,/en/coverage/us-national-championship-2025/decklist/28766135,Diego Constantakis
Luke Manship,/en/coverage/us-national-championship-2025/decklist/23739742,Tommy Buljan,/en/coverage/us-national-championship-2025/decklist/81797845,Luke Manship
Shimon Bandiel,/en/coverage/us-national-championship-2025/decklist/75295156,Joe Canton Encarnacion,/en/coverage/us-national-championship-2025/decklist/41934695,Joe Canton Encarnacion
Mark Larsen,/en/coverage/us-national-championship-2025/decklist/68125835,Jacob Pacheco,/en/coverage/us-national-championship-2025/decklist/44949475,Jacob Pacheco
Austin Henry,/en/coverage/us-national-championship-2025/decklist/93817747,Dakota Cochran,/en/coverage/us-national-championship-2025/decklist/24876851,Austin Henry
Daniel Rothhaar,/en/coverage/us-national-championship-2025/decklist/41363918,Tristen Farmer,/en/coverage/us-national-championship-2025/decklist/88616315,Tristen Farmer
Dan Mui,/en/coverage/us-national-championship-2025/decklist/24297763,Kristopher Kraemer,/en/coverage/us-national-championship-2025/decklist/42151542,Kristopher Kraemer
Kyle Flowers,/en/coverage/us-national-championship-2025/decklist/84581921,Aaron Fagalde,/en/coverage/us-national-championship-2025/decklist/97197828,Aaron Fagalde
Steven Caraher,/en/coverage/us-national-championship-2025/decklist/87266114,Samuel Young,/en/coverage/us-national-championship-2025/decklist/97389388,Samuel Young
Isaac Houk,/en/coverage/us-national-championship-2025/decklist/21716629,Justin Anthony,/en/coverage/us-national-championship-2025/decklist/96154651,Justin Anthony
Anthony Bonny,/en/coverage/us-national-championship-2025/decklist/36353929,Victor Lam,/en/coverage/us-national-championship-2025/decklist/73134451,Victor Lam
Marek Meyer,/en/coverage/us-national-championship-2025/decklist/87644348,Raj Parikh,/en/coverage/us-national-championship-2025/decklist/17485465,Raj Parikh
Lee Kimball,/en/coverage/us-national-championship-2025/decklist/51252331,Dawn DeLozier,/en/coverage/us-national-championship-2025/decklist/73681474,Dawn DeLozier
Mara Faris,/en/coverage/us-national-championship-2025/decklist/57899695,Luis Maderas,/en/coverage/us-national-championship-2025/decklist/25199734,Luis Maderas
Zach Huey,/en/coverage/us-national-championship-2025/decklist/41485619,David Andrews,/en/coverage/us-national-championship-2025/decklist/36171955,David Andrews
Matthew Wehmer,/en/coverage/us-national-championship-2025/decklist/82549767,David Hamilton,/en/coverage/us-national-championship-2025/decklist/44742576,Matthew Wehmer
Jodey Burney,/en/coverage/us-national-championship-2025/decklist/65665852,Will Matthews,/en/coverage/us-national-championship-2025/decklist/56343636,Will Matthews
Colin Eriksen,/en/coverage/us-national-championship-2025/decklist/46852316,Oren Yishai,/en/coverage/us-national-championship-2025/decklist/88233786,Oren Yishai
Jo Burch,/en/coverage/us-national-championship-2025/decklist/52382242,AUSTIN BRILL,/en/coverage/us-national-championship-2025/decklist/73569377,AUSTIN BRILL
Joseph Marchant,/en/coverage/us-national-championship-2025/decklist/81637382,Steve Le,/en/coverage/us-national-championship-2025/decklist/67632647,Steve Le
Liam Donnelly,/en/coverage/us-national-championship-2025/decklist/89518545,Grant Huddleston,/en/coverage/us-national-championship-2025/decklist/77558967,Grant Huddleston
Nicholas Steele,/en/coverage/us-national-championship-2025/decklist/45755586,Anthony Perry,/en/coverage/us-national-championship-2025/decklist/11516727,Anthony Perry
Raheel Khalid,/en/coverage/us-national-championship-2025/decklist/96466193,Tonin ''Nini'' Veshi,/en/coverage/us-national-championship-2025/decklist/11377474,Tonin ''Nini'' Veshi
William Bradshaw,/en/coverage/us-national-championship-2025/decklist/59166293,Igni Elegy,/en/coverage/us-national-championship-2025/decklist/46812926,Igni Elegy
Tyler Stammer,/en/coverage/us-national-championship-2025/decklist/15971758,Aaron Williams,/en/coverage/us-national-championship-2025/decklist/65739117,Tyler Stammer
Derek Anderson,/en/coverage/us-national-championship-2025/decklist/34191251,Celeste Beltz,/en/coverage/us-national-championship-2025/decklist/22566791,Derek Anderson
Jose Santos martinez,/en/coverage/us-national-championship-2025/decklist/26926498,None,N/A,Jose Santos martinez
Will Rea,/en/coverage/us-national-championship-2025/decklist/24368736,Leon Lu,/en/coverage/us-national-championship-2025/decklist/87594159,Leon Lu
Dylan Williamson,/en/coverage/us-national-championship-2025/decklist/55769659,Caleb Brower,/en/coverage/us-national-championship-2025/decklist/69291692,Dylan Williamson
Taylor Jennings,/en/coverage/us-national-championship-2025/decklist/91458117,William Pistel,/en/coverage/us-national-championship-2025/decklist/41457215,William Pistel
Devon Killebrew,/en/coverage/us-national-championship-2025/decklist/86637364,Chris Rowland,/en/coverage/us-national-championship-2025/decklist/39547278,Chris Rowland
Andrew Wilborn,/en/coverage/us-national-championship-2025/decklist/98183916,Witt Lucas,/en/coverage/us-national-championship-2025/decklist/57429874,Andrew Wilborn
Rob Harechmak,/en/coverage/us-national-championship-2025/decklist/71882843,Jeremiah Gardner,/en/coverage/us-national-championship-2025/decklist/68194917,Rob Harechmak
Cedric DeRouchie,/en/coverage/us-national-championship-2025/decklist/29132121,Jared Contaldi,/en/coverage/us-national-championship-2025/decklist/72272419,Jared Contaldi
Jonathan Magnuson,/en/coverage/us-national-championship-2025/decklist/29247552,Taotao Chu,/en/coverage/us-national-championship-2025/decklist/32841154,Taotao Chu
Jacob Kindberg,/en/coverage/us-national-championship-2025/decklist/56219144,Kaylum Uribes,/en/coverage/us-national-championship-2025/decklist/24941131,Kaylum Uribes
Jeff Stamm,/en/coverage/us-national-championship-2025/decklist/67122251,Jason Feng,/en/coverage/us-national-championship-2025/decklist/34592392,Jeff Stamm
Charlie Herren,/en/coverage/us-national-championship-2025/decklist/21419115,Justin Salmon,/en/coverage/us-national-championship-2025/decklist/46936762,Justin Salmon
Evan Chilton,/en/coverage/us-national-championship-2025/decklist/88939829,Omeid Vadipour,/en/coverage/us-national-championship-2025/decklist/21163991,Omeid Vadipour
Randall Suliga,/en/coverage/us-national-championship-2025/decklist/98447483,Cameron Cassese,/en/coverage/us-national-championship-2025/decklist/33697963,Cameron Cassese
Joshua Rath,/en/coverage/us-national-championship-2025/decklist/44548897,Joshua Paris,/en/coverage/us-national-championship-2025/decklist/14191984,Joshua Paris
Noah Beygelman,/en/coverage/us-national-championship-2025/decklist/56952555,Albert Irvine,/en/coverage/us-national-championship-2025/decklist/41569142,Noah Beygelman
Brian Kaminsky,/en/coverage/us-national-championship-2025/decklist/76695122,Jeremy Chen,/en/coverage/us-national-championship-2025/decklist/28613243,Brian Kaminsky
Thomas Arocha-Coard,/en/coverage/us-national-championship-2025/decklist/46474432,April May,/en/coverage/us-national-championship-2025/decklist/22477168,April May
Brennan Tolnay,/en/coverage/us-national-championship-2025/decklist/91991724,Andrew Mendelsohn,/en/coverage/us-national-championship-2025/decklist/89844953,Andrew Mendelsohn
Adrian Gebhart,/en/coverage/us-national-championship-2025/decklist/61364416,Chase Osborne,/en/coverage/us-national-championship-2025/decklist/53396181,Chase Osborne
Nathaniel Snyder,/en/coverage/us-national-championship-2025/decklist/21971223,Andrew Rothermel,/en/coverage/us-national-championship-2025/decklist/48922766,Andrew Rothermel
Jack Sayer,/en/coverage/us-national-championship-2025/decklist/91594649,James Cæruleus Silver,/en/coverage/us-national-championship-2025/decklist/17637648,James Cæruleus Silver
Anthony Pham,/en/coverage/us-national-championship-2025/decklist/32725731,Aaron Cutbirth,/en/coverage/us-national-championship-2025/decklist/67964888,Anthony Pham
Michael Hamilton,/en/coverage/us-national-championship-2025/decklist/34331578,Timothy Carter,/en/coverage/us-national-championship-2025/decklist/99538271,Michael Hamilton
Johnny Wedzicha,/en/coverage/us-national-championship-2025/decklist/39768972,Luke Hillard,/en/coverage/us-national-championship-2025/decklist/1355,Luke Hillard
Benjamin Schneider,/en/coverage/us-national-championship-2025/decklist/82898864,Joshua White,/en/coverage/us-national-championship-2025/decklist/23191358,Joshua White
Rhea Adams,/en/coverage/us-national-championship-2025/decklist/96214336,Andrew Cook,/en/coverage/us-national-championship-2025/decklist/72591496,Andrew Cook
Alex Tyler,/en/coverage/us-national-championship-2025/decklist/94632227,Jacob Baugh,/en/coverage/us-national-championship-2025/decklist/42383614,Jacob Baugh
Kyle Johnson,/en/coverage/us-national-championship-2025/decklist/53791279,Pat Eshghy,/en/coverage/us-national-championship-2025/decklist/55234782,Kyle Johnson
Christopher Little,/en/coverage/us-national-championship-2025/decklist/23187619,Simon Murphy,/en/coverage/us-national-championship-2025/decklist/12124686,Simon Murphy
Myles Schortgen,/en/coverage/us-national-championship-2025/decklist/78373722,Erick Ortiz,/en/coverage/us-national-championship-2025/decklist/23959373,Myles Schortgen
Yasunari Sakuma,/en/coverage/us-national-championship-2025/decklist/16731692,Dagan White,/en/coverage/us-national-championship-2025/decklist/98661172,Dagan White
Josef Mendez,/en/coverage/us-national-championship-2025/decklist/77452513,Drew Bosco,/en/coverage/us-national-championship-2025/decklist/78366571,Josef Mendez
Tyler Zeringue,/en/coverage/us-national-championship-2025/decklist/28975512,Samuel Wells,/en/coverage/us-national-championship-2025/decklist/38365911,Tyler Zeringue
Nathaniel Lansangan,/en/coverage/us-national-championship-2025/decklist/12242261,Isaac Brooks,/en/coverage/us-national-championship-2025/decklist/35619822,Isaac Brooks
Kenn Johnson,/en/coverage/us-national-championship-2025/decklist/49551748,Tyson Au,/en/coverage/us-national-championship-2025/decklist/29887912,Kenn Johnson
Rogue Theory,/en/coverage/us-national-championship-2025/decklist/25154885,Wesley Dong,/en/coverage/us-national-championship-2025/decklist/76745837,Wesley Dong
Matthew Tickal,/en/coverage/us-national-championship-2025/decklist/64779424,Abigail Welday,/en/coverage/us-national-championship-2025/decklist/32917218,Matthew Tickal
nathan lapham,/en/coverage/us-national-championship-2025/decklist/71693458,John Milner,/en/coverage/us-national-championship-2025/decklist/49495732,nathan lapham
Brendan Klempa,/en/coverage/us-national-championship-2025/decklist/24859368,Joel Grizzelle,/en/coverage/us-national-championship-2025/decklist/95187448,Joel Grizzelle
Corwin Benton,/en/coverage/us-national-championship-2025/decklist/21643866,Michael Berg,/en/coverage/us-national-championship-2025/decklist/46743639,Corwin Benton
Arivae Chol,/en/coverage/us-national-championship-2025/decklist/79899196,Kenny Griggs,/en/coverage/us-national-championship-2025/decklist/86685245,Arivae Chol
jaime bessett,/en/coverage/us-national-championship-2025/decklist/71577738,Ravi Sharma,/en/coverage/us-national-championship-2025/decklist/64912987,Ravi Sharma
Porter Jones,/en/coverage/us-national-championship-2025/decklist/95935514,Paul Chen,/en/coverage/us-national-championship-2025/decklist/79358569,Porter Jones
Pedro Esaki,/en/coverage/us-national-championship-2025/decklist/67152576,Brenden Jones,/en/coverage/us-national-championship-2025/decklist/55365325,Brenden Jones
Jeremy Stowe,/en/coverage/us-national-championship-2025/decklist/57847935,David Reitenbach,/en/coverage/us-national-championship-2025/decklist/67315815,David Reitenbach
Jamen Vedova,/en/coverage/us-national-championship-2025/decklist/74116587,Thomas Johnson-Averette,/en/coverage/us-national-championship-2025/decklist/91772166,Thomas Johnson-Averette
Hasan Abdali,/en/coverage/us-national-championship-2025/decklist/42543736,Dylan Ashcraft,/en/coverage/us-national-championship-2025/decklist/65261862,Hasan Abdali
Timothy Scroggs,/en/coverage/us-national-championship-2025/decklist/73784633,Reese Toomre,/en/coverage/us-national-championship-2025/decklist/84157788,Reese Toomre
Marsha Ho,/en/coverage/us-national-championship-2025/decklist/91398761,Nathan Bearden,/en/coverage/us-national-championship-2025/decklist/58643154,Nathan Bearden
Benjamin Cumming,/en/coverage/us-national-championship-2025/decklist/55295647,Jacob Lantz,/en/coverage/us-national-championship-2025/decklist/49135278,Benjamin Cumming
Zayne Johnson,/en/coverage/us-national-championship-2025/decklist/68823878,Kevin Murphy,/en/coverage/us-national-championship-2025/decklist/86323377,Kevin Murphy
John Cooper,/en/coverage/us-national-championship-2025/decklist/22183753,David Wadley,/en/coverage/us-national-championship-2025/decklist/92842754,David Wadley
Alan Hoang,/en/coverage/us-national-championship-2025/decklist/88345176,Steven Suh,/en/coverage/us-national-championship-2025/decklist/27199952,Steven Suh
Martin Morford,/en/coverage/us-national-championship-2025/decklist/42583251,Sebastian Russell,/en/coverage/us-national-championship-2025/decklist/56972689,Sebastian Russell
Thomas Nennich,/en/coverage/us-national-championship-2025/decklist/84265377,connor rooney,/en/coverage/us-national-championship-2025/decklist/84647317,connor rooney
Kevin Brayer,/en/coverage/us-national-championship-2025/decklist/61784579,Adam Jessell,/en/coverage/us-national-championship-2025/decklist/81824377,Adam Jessell
Jonathan Trossman,/en/coverage/us-national-championship-2025/decklist/41117919,Craig Krempels,/en/coverage/us-national-championship-2025/decklist/95424553,Craig Krempels
Joe Robles,/en/coverage/us-national-championship-2025/decklist/29876747,BENJAMIN ALANIZ,/en/coverage/us-national-championship-2025/decklist/67887252,BENJAMIN ALANIZ
Brian Hoffman,/en/coverage/us-national-championship-2025/decklist/42989356,Matthew Nolder,/en/coverage/us-national-championship-2025/decklist/42658415,Brian Hoffman
Nic Barnes,/en/coverage/us-national-championship-2025/decklist/37981497,Grant Strom,/en/coverage/us-national-championship-2025/decklist/27689238,Grant Strom
Micah Johnson,/en/coverage/us-national-championship-2025/decklist/13939458,Matthew Vore,/en/coverage/us-national-championship-2025/decklist/76857882,Matthew Vore
Justin Evans,/en/coverage/us-national-championship-2025/decklist/52784172,Eugene Galipchak,/en/coverage/us-national-championship-2025/decklist/48835423,Eugene Galipchak
David Lee,/en/coverage/us-national-championship-2025/decklist/32382362,Steven Leyva,/en/coverage/us-national-championship-2025/decklist/32569654,David Lee
Alan Rogers,/en/coverage/us-national-championship-2025/decklist/22885334,Hughes Lee,/en/coverage/us-national-championship-2025/decklist/91588977,Hughes Lee
Terrence Bell,/en/coverage/us-national-championship-2025/decklist/14958418,Josh Lind,/en/coverage/us-national-championship-2025/decklist/29786146,Terrence Bell
Jason Watkins,/en/coverage/us-national-championship-2025/decklist/43284559,Alyssa Evans,/en/coverage/us-national-championship-2025/decklist/49732322,Alyssa Evans
Elyse Symmes,/en/coverage/us-national-championship-2025/decklist/71419586,Daniel Brouillet,/en/coverage/us-national-championship-2025/decklist/32369374,Elyse Symmes
Robin Avenoso,/en/coverage/us-national-championship-2025/decklist/58278849,Jamal Salem Saedidaryan,/en/coverage/us-national-championship-2025/decklist/91992587,Robin Avenoso
Ian Siczewicz,/en/coverage/us-national-championship-2025/decklist/98919791,Matthew Crowley,/en/coverage/us-national-championship-2025/decklist/52865659,Ian Siczewicz
Pheano Black,/en/coverage/us-national-championship-2025/decklist/59957253,Nicholas Mihalas,/en/coverage/us-national-championship-2025/decklist/78644446,Pheano Black
Alex Cassidy,/en/coverage/us-national-championship-2025/decklist/62455579,Jesse Harper,/en/coverage/us-national-championship-2025/decklist/62751447,Alex Cassidy
Noah Zinn,/en/coverage/us-national-championship-2025/decklist/74879148,Justin Law,/en/coverage/us-national-championship-2025/decklist/43889927,Justin Law
Michael Feng,/en/coverage/us-national-championship-2025/decklist/51553785,Douglas Levy,/en/coverage/us-national-championship-2025/decklist/92834361,Douglas Levy
Alex Slotnick,/en/coverage/us-national-championship-2025/decklist/11737789,Nick Webb,/en/coverage/us-national-championship-2025/decklist/64926574,Nick Webb
Adam Madrigal,/en/coverage/us-national-championship-2025/decklist/19129565,Devon Porcher,/en/coverage/us-national-championship-2025/decklist/98116931,Adam Madrigal
Yuanji Li,/en/coverage/us-national-championship-2025/decklist/96371481,Carson Osborne,/en/coverage/us-national-championship-2025/decklist/51679477,Yuanji Li
Patrick McGregor,/en/coverage/us-national-championship-2025/decklist/93788556,Justin Fernandes,/en/coverage/us-national-championship-2025/decklist/67573111,Patrick McGregor
Jacob Hawkinson,/en/coverage/us-national-championship-2025/decklist/11675179,Sean Gray,/en/coverage/us-national-championship-2025/decklist/49148886,Sean Gray
Angus Blaxall,/en/coverage/us-national-championship-2025/decklist/92849712,Tyler Dschaak,/en/coverage/us-national-championship-2025/decklist/12766849,Tyler Dschaak
Lucas Molho,/en/coverage/us-national-championship-2025/decklist/46984112,Thea Hognadottir,/en/coverage/us-national-championship-2025/decklist/83454741,Lucas Molho
Bryce Stroyek,/en/coverage/us-national-championship-2025/decklist/66224477,Kent O’Neal,/en/coverage/us-national-championship-2025/decklist/73424362,Bryce Stroyek
Wyatt Goehring,/en/coverage/us-national-championship-2025/decklist/66133638,Luke Gilmore,/en/coverage/us-national-championship-2025/decklist/96511639,Luke Gilmore
Randall Robinson,/en/coverage/us-national-championship-2025/decklist/28787941,David Gillespie,/en/coverage/us-national-championship-2025/decklist/74262163,Randall Robinson
Joseph Seiwert,/en/coverage/us-national-championship-2025/decklist/28884889,Charlton Smith,/en/coverage/us-national-championship-2025/decklist/33845259,Charlton Smith
Jesus Montijo,/en/coverage/us-national-championship-2025/decklist/11558429,Michael McDowell,/en/coverage/us-national-championship-2025/decklist/49668224,Michael McDowell
Austin Revera,/en/coverage/us-national-championship-2025/decklist/32894387,Collin Cromwell,/en/coverage/us-national-championship-2025/decklist/65928852,Collin Cromwell
Nicholas Botchis,/en/coverage/us-national-championship-2025/decklist/26279542,Mark Cornett,/en/coverage/us-national-championship-2025/decklist/41716191,Mark Cornett
Justin Gottlieb,/en/coverage/us-national-championship-2025/decklist/12532349,Majin Bae,/en/coverage/us-national-championship-2025/decklist/86168764,Majin Bae
Matthew Renz,/en/coverage/us-national-championship-2025/decklist/13142538,Charles Simmons,/en/coverage/us-national-championship-2025/decklist/12285563,Matthew Renz
Kyle Yoder,/en/coverage/us-national-championship-2025/decklist/34537469,Addison Hudson,/en/coverage/us-national-championship-2025/decklist/33655588,Addison Hudson
Tyler Danielewicz,/en/coverage/us-national-championship-2025/decklist/84742199,Mint Carroll,/en/coverage/us-national-championship-2025/decklist/16712942,Mint Carroll
Casey Russell,/en/coverage/us-national-championship-2025/decklist/62781365,JONATHAN HENLEY,/en/coverage/us-national-championship-2025/decklist/98871958,JONATHAN HENLEY
Sadat Minick,/en/coverage/us-national-championship-2025/decklist/77657115,Ryan Solava,/en/coverage/us-national-championship-2025/decklist/11374657,Ryan Solava
Evan Silverman,/en/coverage/us-national-championship-2025/decklist/43345398,Joel Recinos III,/en/coverage/us-national-championship-2025/decklist/49453354,Evan Silverman
Kaden Grace,/en/coverage/us-national-championship-2025/decklist/85841134,Holden Isaacs,/en/coverage/us-national-championship-2025/decklist/26142484,Holden Isaacs
Ian Becker,/en/coverage/us-national-championship-2025/decklist/57222774,Trent Lennon,/en/coverage/us-national-championship-2025/decklist/94464889,Ian Becker
Stew Fraser,/en/coverage/us-national-championship-2025/decklist/34372791,Chandler To,/en/coverage/us-national-championship-2025/decklist/29299428,Stew Fraser
Kris Ilich,/en/coverage/us-national-championship-2025/decklist/83619265,Mark Bradshaw,/en/coverage/us-national-championship-2025/decklist/32652581,Mark Bradshaw
Justin Graham,/en/coverage/us-national-championship-2025/decklist/24858219,Michael Thorington,/en/coverage/us-national-championship-2025/decklist/42542973,Justin Graham
Thomas Battaglia,/en/coverage/us-national-championship-2025/decklist/68555563,Jordan Long,/en/coverage/us-national-championship-2025/decklist/12724524,Thomas Battaglia
Joe Santianna,/en/coverage/us-national-championship-2025/decklist/65189792,Nicholas Porter,/en/coverage/us-national-championship-2025/decklist/17968494,Nicholas Porter
Alexander Vore,/en/coverage/us-national-championship-2025/decklist/53486363,Mark Morrison,/en/coverage/us-national-championship-2025/decklist/13845158,Alexander Vore
Barrett Goss,/en/coverage/us-national-championship-2025/decklist/19621727,Bryce Morgan,/en/coverage/us-national-championship-2025/decklist/79813552,Barrett Goss
Christopher Iaali,/en/coverage/us-national-championship-2025/decklist/49429466,Tyler Horspool,/en/coverage/us-national-championship-2025/decklist/77657489,Christopher Iaali
Ben Cook,/en/coverage/us-national-championship-2025/decklist/56275752,Thaminda Edirisooriya,/en/coverage/us-national-championship-2025/decklist/28632827,Thaminda Edirisooriya
Andy Hong,/en/coverage/us-national-championship-2025/decklist/26582774,Evan Herndon,/en/coverage/us-national-championship-2025/decklist/74942341,Andy Hong
Jonathan Lalo,/en/coverage/us-national-championship-2025/decklist/96452322,Marco Marcelli,/en/coverage/us-national-championship-2025/decklist/49839869,Jonathan Lalo
Eric Towne,/en/coverage/us-national-championship-2025/decklist/56393739,Tyler Kearney,/en/coverage/us-national-championship-2025/decklist/51735873,Tyler Kearney
Frank Smith,/en/coverage/us-national-championship-2025/decklist/14644616,Elliott Rinke,/en/coverage/us-national-championship-2025/decklist/31654511,Elliott Rinke
Matthew Irvin,/en/coverage/us-national-championship-2025/decklist/83739541,Kamron Van Hulzen,/en/coverage/us-national-championship-2025/decklist/96999142,Matthew Irvin
Peter Buddensiek,/en/coverage/us-national-championship-2025/decklist/61767867,Connar Bodoh,/en/coverage/us-national-championship-2025/decklist/65773562,Peter Buddensiek
Shane Martin,/en/coverage/us-national-championship-2025/decklist/95655265,Colin Ross,/en/coverage/us-national-championship-2025/decklist/38692889,Shane Martin
Thomas Dabney,/en/coverage/us-national-championship-2025/decklist/74349734,Jonathan Underwood,/en/coverage/us-national-championship-2025/decklist/14544599,Thomas Dabney
Kate Wescott,/en/coverage/us-national-championship-2025/decklist/92372719,Joseph McKinley,/en/coverage/us-national-championship-2025/decklist/93773885,Joseph McKinley
Thor Hoffman,/en/coverage/us-national-championship-2025/decklist/39279631,Daniel Edwards,/en/coverage/us-national-championship-2025/decklist/75754633,Daniel Edwards
Alyssa Carden,/en/coverage/us-national-championship-2025/decklist/13651875,Sam Rosenberg,/en/coverage/us-national-championship-2025/decklist/36776396,Sam Rosenberg
Andrew Clayton,/en/coverage/us-national-championship-2025/decklist/24476467,Daniel Ferrara,/en/coverage/us-national-championship-2025/decklist/14122841,Daniel Ferrara
Brady Hayes,/en/coverage/us-national-championship-2025/decklist/46431857,Dominick Wolfgang,/en/coverage/us-national-championship-2025/decklist/91613619,Brady Hayes
Cooper Templeton,/en/coverage/us-national-championship-2025/decklist/89541934,Brodie Spurlock,/en/coverage/us-national-championship-2025/decklist/78449312,Cooper Templeton
Shin Inoue,/en/coverage/us-national-championship-2025/decklist/78166144,Matthew McInnis,/en/coverage/us-national-championship-2025/decklist/49235889,Shin Inoue
Matthew W,/en/coverage/us-national-championship-2025/decklist/10305,Ryan Alldredge,/en/coverage/us-national-championship-2025/decklist/66579651,Matthew W
Justin Sybrandt,/en/coverage/us-national-championship-2025/decklist/27671216,Joshua Lau,/en/coverage/us-national-championship-2025/decklist/64912678,Joshua Lau
Emmitt Luna,/en/coverage/us-national-championship-2025/decklist/88645224,Marc Mehlenbacher,/en/coverage/us-national-championship-2025/decklist/17859366,Marc Mehlenbacher
Michael Rutkowski,/en/coverage/us-national-championship-2025/decklist/31579397,None,N/A,Michael Rutkowski
