playername,playerid,quantitycards,cardname,imagelink
Lucas Oswald,73894792,1,Arcanite Fortress,https://d2wlb52bya4y8z.cloudfront.net/media/cards/large/ROS211-RF.webp
Lucas Oswald,73894792,1,Barkskin of the Millennium Tree,https://d2wlb52bya4y8z.cloudfront.net/media/cards/large/ROS028-RF.webp
Lucas Oswald,73894792,1,Metacarpus Node,https://d2wlb52bya4y8z.cloudfront.net/media/cards/large/U-CRU161.webp
Lucas Oswald,73894792,1,Plume of Evergrowth,https://d2wlb52bya4y8z.cloudfront.net/media/cards/large/U-ELE116.webp
Lucas Oswald,73894792,1,Stonewall Gauntlet,https://d2wlb52bya4y8z.cloudfront.net/media/cards/large/MST190-RF.webp
Lucas Oswald,73894792,1,Storm Striders,https://d2wlb52bya4y8z.cloudfront.net/media/cards/large/ARC116-CF.webp
Lucas Oswald,73894792,1,Waning Moon,https://d2wlb52bya4y8z.cloudfront.net/media/cards/large/UPR165.webp
Peyton Gage,74897659,1,Blood Splattered Vest,https://d2wlb52bya4y8z.cloudfront.net/media/cards/large/HNT168-RF.webp
Peyton Gage,74897659,2,Claw of Vynserakai,https://d2wlb52bya4y8z.cloudfront.net/media/cards/large/SEA257.webp
Peyton Gage,74897659,1,Dragonscaler Flight Path,https://d2wlb52bya4y8z.cloudfront.net/media/cards/large/HNT143-RF.webp
Peyton Gage,74897659,1,Flick Knives,https://d2wlb52bya4y8z.cloudfront.net/media/cards/large/OUT139-RF.webp
Peyton Gage,74897659,2,Kunai of Retribution,https://d2wlb52bya4y8z.cloudfront.net/media/cards/large/HNT056.webp
Peyton Gage,74897659,1,Mask of Momentum,https://d2wlb52bya4y8z.cloudfront.net/media/cards/large/R-WTR079-RF.webp
Peyton Gage,74897659,1,Tide Flippers,https://d2wlb52bya4y8z.cloudfront.net/media/cards/large/UPR159.webp
Anthony Dt Zichella,92893493,1,Blood Splattered Vest,https://d2wlb52bya4y8z.cloudfront.net/media/cards/large/HNT168-RF.webp
Anthony Dt Zichella,92893493,1,Claw of Vynserakai,https://d2wlb52bya4y8z.cloudfront.net/media/cards/large/SEA257.webp
Anthony Dt Zichella,92893493,1,Dragonscaler Flight Path,https://d2wlb52bya4y8z.cloudfront.net/media/cards/large/HNT143-RF.webp
Anthony Dt Zichella,92893493,1,Flick Knives,https://d2wlb52bya4y8z.cloudfront.net/media/cards/large/OUT139-RF.webp
Anthony Dt Zichella,92893493,2,Kunai of Retribution,https://d2wlb52bya4y8z.cloudfront.net/media/cards/large/HNT056.webp
Anthony Dt Zichella,92893493,1,Mask of Momentum,https://d2wlb52bya4y8z.cloudfront.net/media/cards/large/R-WTR079-RF.webp
Anthony Dt Zichella,92893493,1,Snapdragon Scalers,https://d2wlb52bya4y8z.cloudfront.net/media/cards/large/U-WTR154.webp
Anthony Dt Zichella,92893493,1,Spell Fray Leggings,https://d2wlb52bya4y8z.cloudfront.net/media/cards/large/DYN239.webp
Justin Irby,49914153,1,Bull's Eye Bracers,https://d2wlb52bya4y8z.cloudfront.net/media/cards/large/U-ARC042.webp
Justin Irby,49914153,1,Death Dealer,https://d2wlb52bya4y8z.cloudfront.net/media/cards/large/ARC040.webp
Justin Irby,49914153,1,Enchanted Quiver,https://d2wlb52bya4y8z.cloudfront.net/media/cards/large/HNT252.webp
Justin Irby,49914153,1,Fyendal's Spring Tunic,https://d2wlb52bya4y8z.cloudfront.net/media/cards/large/EVO249.webp
Justin Irby,49914153,1,Longdraw Half-glove,https://d2wlb52bya4y8z.cloudfront.net/media/cards/large/MST232.webp
Justin Irby,49914153,1,Skullbone Crosswrap,https://d2wlb52bya4y8z.cloudfront.net/media/cards/large/ARC041-CF.webp
Justin Irby,49914153,1,Snapdragon Scalers,https://d2wlb52bya4y8z.cloudfront.net/media/cards/large/U-WTR154.webp
Justin Irby,49914153,1,Spell Fray Cloak,https://d2wlb52bya4y8z.cloudfront.net/media/cards/large/DYN237.webp
Jonah Overholt,53553898,1,Apex Bonebreaker,https://d2wlb52bya4y8z.cloudfront.net/media/cards/large/HVY008-RF.webp
Jonah Overholt,53553898,1,Beaten Trackers,https://d2wlb52bya4y8z.cloudfront.net/media/cards/large/DYN006.webp
Jonah Overholt,53553898,1,Crown of Providence,https://d2wlb52bya4y8z.cloudfront.net/media/cards/large/DTD221.webp
Jonah Overholt,53553898,1,Mandible Claw,https://d2wlb52bya4y8z.cloudfront.net/media/cards/large/HVY005.webp
Jonah Overholt,53553898,1,Nullrune Gloves,https://d2wlb52bya4y8z.cloudfront.net/media/cards/large/U-ARC157.webp
Jonah Overholt,53553898,1,Savage Sash,https://d2wlb52bya4y8z.cloudfront.net/media/cards/large/AKO004-RF.webp
Jonah Overholt,53553898,1,Scowling Flesh Bag,https://d2wlb52bya4y8z.cloudfront.net/media/cards/large/DTD200-RF.webp
Jonah Overholt,53553898,1,Skullhorn,https://d2wlb52bya4y8z.cloudfront.net/media/cards/large/U-CRU006.webp
Jesse Hudak,85293396,1,Aether Bindings of the Third Age,https://d2wlb52bya4y8z.cloudfront.net/media/cards/large/ROS163-RF.webp
Jesse Hudak,85293396,1,Flash of Brilliance,https://d2wlb52bya4y8z.cloudfront.net/media/cards/large/ROS072.webp
Jesse Hudak,85293396,1,Fyendal's Spring Tunic,https://d2wlb52bya4y8z.cloudfront.net/media/cards/large/EVO249.webp
Jesse Hudak,85293396,1,Lightning Greaves,https://d2wlb52bya4y8z.cloudfront.net/media/cards/large/ROS071-RF.webp
Jesse Hudak,85293396,1,Nullrune Hood,https://d2wlb52bya4y8z.cloudfront.net/media/cards/large/U-ARC155.webp
Jesse Hudak,85293396,1,Old Knocker,https://d2wlb52bya4y8z.cloudfront.net/media/cards/large/SEA182.webp
Jesse Hudak,85293396,1,Shock Charmers,https://d2wlb52bya4y8z.cloudfront.net/media/cards/large/U-ELE173-RF.webp
Jesse Hudak,85293396,1,"Volzar, the Lightning Rod",https://d2wlb52bya4y8z.cloudfront.net/media/cards/large/ROS021.webp
